suite,instance,seed,num_variables,strategy,success,status,initial_core_size,final_core_size,expansions,used_explanation,used_assumption_core,used_frontier,boundary_released,gac_time_ns,cpsat_time_ns,total_time_ns,full_scope_required
standard,S1,42,12,violated0,True,optimal,2,2,0,False,False,False,0,0,2836800,2894500,False
standard,S1,42,12,radius0,True,optimal,2,2,0,False,False,False,0,0,548700,596300,False
standard,S1,42,12,radius1,True,optimal,2,2,0,False,False,False,0,0,522000,568900,False
standard,S1,42,12,radius2,True,optimal,2,2,0,False,False,False,0,0,508400,556000,False
standard,S1,42,12,frontier,True,optimal,2,2,0,False,False,False,0,18700,506100,560800,False
standard,S1,42,12,explanation,True,optimal,2,2,0,False,False,False,0,14100,582000,633500,False
standard,S1,42,12,assumption,True,optimal,2,2,0,False,False,False,0,0,513300,548600,False
standard,S1,42,12,fullscope,True,optimal,12,12,0,False,False,False,0,0,1119400,1165800,True
standard,S1,44,12,violated0,True,optimal,6,6,0,False,False,False,0,0,1479300,1521600,False
standard,S1,44,12,radius0,True,optimal,6,6,0,False,False,False,0,0,1346700,1392100,False
standard,S1,44,12,radius1,True,optimal,6,6,0,False,False,False,0,0,1334000,1389200,False
standard,S1,44,12,radius2,True,optimal,6,6,0,False,False,False,0,0,1339800,1389800,False
standard,S1,44,12,frontier,True,optimal,6,6,0,False,False,False,0,26900,1337400,1405400,False
standard,S1,44,12,explanation,True,optimal,6,6,0,False,False,False,0,27100,1396500,1465000,False
standard,S1,44,12,assumption,True,optimal,6,6,0,False,False,False,0,0,1340400,1382200,False
standard,S1,44,12,fullscope,True,optimal,12,12,0,False,False,False,0,0,1516000,1561500,True
standard,S1,45,12,violated0,True,optimal,2,2,0,False,False,False,0,0,566300,602000,False
standard,S1,45,12,radius0,True,optimal,2,2,0,False,False,False,0,0,645200,689100,False
standard,S1,45,12,radius1,True,optimal,2,2,0,False,False,False,0,0,559100,600400,False
standard,S1,45,12,radius2,True,optimal,2,2,0,False,False,False,0,0,543800,583600,False
standard,S1,45,12,frontier,True,optimal,2,2,0,False,False,False,0,16700,519800,570300,False
standard,S1,45,12,explanation,True,optimal,2,2,0,False,False,False,0,16100,548400,598400,False
standard,S1,45,12,assumption,True,optimal,2,2,0,False,False,False,0,0,525400,562000,False
standard,S1,45,12,fullscope,True,optimal,12,12,0,False,False,False,0,0,995900,1038300,True
standard,S1,50,12,violated0,True,optimal,4,4,0,False,False,False,0,0,885200,932600,False
standard,S1,50,12,radius0,True,optimal,4,4,0,False,False,False,0,0,712800,759700,False
standard,S1,50,12,radius1,True,optimal,6,6,0,False,False,False,0,0,720500,766400,False
standard,S1,50,12,radius2,True,optimal,7,7,0,False,False,False,0,0,736700,783000,False
standard,S1,50,12,frontier,True,optimal,4,4,0,False,False,False,0,37100,741200,821600,False
standard,S1,50,12,explanation,True,optimal,4,4,0,False,False,False,0,34700,651700,723500,False
standard,S1,50,12,assumption,True,optimal,4,4,0,False,False,False,0,0,1197100,1235600,False
standard,S1,50,12,fullscope,True,optimal,12,12,0,False,False,False,0,0,800200,844600,True
standard,S1,51,12,violated0,True,optimal,2,2,0,False,False,False,0,0,521700,556700,False
standard,S1,51,12,radius0,True,optimal,2,2,0,False,False,False,0,0,481900,518100,False
standard,S1,51,12,radius1,True,optimal,2,2,0,False,False,False,0,0,489500,528300,False
standard,S1,51,12,radius2,True,optimal,2,2,0,False,False,False,0,0,493000,531900,False
standard,S1,51,12,frontier,True,optimal,2,2,0,False,False,False,0,13000,501400,545400,False
standard,S1,51,12,explanation,True,optimal,2,2,0,False,False,False,0,14900,486300,532400,False
standard,S1,51,12,assumption,True,optimal,2,2,0,False,False,False,0,0,627100,668700,False
standard,S1,51,12,fullscope,True,optimal,12,12,0,False,False,False,0,0,978500,1027400,True
standard,S1,64,12,violated0,True,optimal,2,2,0,False,False,False,0,0,772800,822300,False
standard,S1,64,12,radius0,True,optimal,2,2,0,False,False,False,0,0,515500,557500,False
standard,S1,64,12,radius1,True,optimal,2,2,0,False,False,False,0,0,587100,2443700,False
standard,S1,64,12,radius2,True,optimal,2,2,0,False,False,False,0,0,497800,537400,False
standard,S1,64,12,frontier,True,optimal,2,2,0,False,False,False,0,14500,515500,563400,False
standard,S1,64,12,explanation,True,optimal,2,2,0,False,False,False,0,12500,495700,545300,False
standard,S1,64,12,assumption,True,optimal,2,2,0,False,False,False,0,0,499900,532200,False
standard,S1,64,12,fullscope,True,optimal,12,12,0,False,False,False,0,0,1168600,1211300,True
standard,S1,65,12,violated0,True,optimal,2,2,0,False,False,False,0,0,628900,670500,False
standard,S1,65,12,radius0,True,optimal,2,2,0,False,False,False,0,0,502700,540000,False
standard,S1,65,12,radius1,True,optimal,2,2,0,False,False,False,0,0,499600,538900,False
standard,S1,65,12,radius2,True,optimal,2,2,0,False,False,False,0,0,492200,530400,False
standard,S1,65,12,frontier,True,optimal,2,2,0,False,False,False,0,14700,543900,592200,False
standard,S1,65,12,explanation,True,optimal,2,2,0,False,False,False,0,12800,487500,532700,False
standard,S1,65,12,assumption,True,optimal,2,2,0,False,False,False,0,0,510400,548200,False
standard,S1,65,12,fullscope,True,optimal,12,12,0,False,False,False,0,0,1650500,1693000,True
standard,S1,73,12,violated0,True,optimal,2,2,0,False,False,False,0,0,488300,534300,False
standard,S1,73,12,radius0,True,optimal,2,2,0,False,False,False,0,0,284400,330600,False
standard,S1,73,12,radius1,True,optimal,3,3,0,False,False,False,0,0,326600,365600,False
standard,S1,73,12,radius2,True,optimal,4,4,0,False,False,False,0,0,622700,665000,False
standard,S1,73,12,frontier,True,optimal,2,2,0,False,False,False,0,27700,275400,335200,False
standard,S1,73,12,explanation,True,optimal,2,2,0,False,False,False,0,19500,264400,315000,False
standard,S1,73,12,assumption,True,optimal,2,2,0,False,False,False,0,0,459200,491900,False
standard,S1,73,12,fullscope,True,optimal,12,12,0,False,False,False,0,0,1327400,1370600,True
standard,S1,74,12,violated0,True,optimal,4,4,0,False,False,False,0,0,981300,1025100,False
standard,S1,74,12,radius0,True,optimal,4,4,0,False,False,False,0,0,911600,958500,False
standard,S1,74,12,radius1,True,optimal,4,4,0,False,False,False,0,0,890100,933900,False
standard,S1,74,12,radius2,True,optimal,4,4,0,False,False,False,0,0,893700,937400,False
standard,S1,74,12,frontier,True,optimal,4,4,0,False,False,False,0,27500,886100,950400,False
standard,S1,74,12,explanation,True,optimal,4,4,0,False,False,False,0,23400,889300,949300,False
standard,S1,74,12,assumption,True,optimal,4,4,0,False,False,False,0,0,883000,919700,False
standard,S1,74,12,fullscope,True,optimal,12,12,0,False,False,False,0,0,1945800,1989500,True
standard,S1,76,12,violated0,True,optimal,2,2,0,False,False,False,0,0,343400,382600,False
standard,S1,76,12,radius0,True,optimal,2,2,0,False,False,False,0,0,238400,275300,False
standard,S1,76,12,radius1,True,optimal,2,2,0,False,False,False,0,0,238200,274500,False
standard,S1,76,12,radius2,True,optimal,2,2,0,False,False,False,0,0,343700,386800,False
standard,S1,76,12,frontier,True,optimal,2,2,0,False,False,False,0,16900,281700,337400,False
standard,S1,76,12,explanation,True,optimal,2,2,0,False,False,False,0,16300,230900,277400,False
standard,S1,76,12,assumption,True,optimal,2,2,0,False,False,False,0,0,221900,253800,False
standard,S1,76,12,fullscope,True,optimal,12,12,0,False,False,False,0,0,948500,991800,True
standard,S1,77,12,violated0,True,optimal,2,2,0,False,False,False,0,0,544500,579800,False
standard,S1,77,12,radius0,True,optimal,2,2,0,False,False,False,0,0,508000,544600,False
standard,S1,77,12,radius1,True,optimal,2,2,0,False,False,False,0,0,494300,533000,False
standard,S1,77,12,radius2,True,optimal,2,2,0,False,False,False,0,0,655800,699100,False
standard,S1,77,12,frontier,True,optimal,2,2,0,False,False,False,0,13200,525200,580000,False
standard,S1,77,12,explanation,True,optimal,2,2,0,False,False,False,0,13100,553700,616300,False
standard,S1,77,12,assumption,True,optimal,2,2,0,False,False,False,0,0,573800,618900,False
standard,S1,77,12,fullscope,True,optimal,12,12,0,False,False,False,0,0,965500,1007200,True
standard,S1,79,12,violated0,True,optimal,2,2,0,False,False,False,0,0,579600,616600,False
standard,S1,79,12,radius0,True,optimal,2,2,0,False,False,False,0,0,532200,571600,False
standard,S1,79,12,radius1,True,optimal,3,3,0,False,False,False,0,0,566000,607100,False
standard,S1,79,12,radius2,True,optimal,4,4,0,False,False,False,0,0,611200,656600,False
standard,S1,79,12,frontier,True,optimal,2,2,0,False,False,False,0,18300,546800,599300,False
standard,S1,79,12,explanation,True,optimal,2,2,0,False,False,False,0,18200,521800,573700,False
standard,S1,79,12,assumption,True,optimal,2,2,0,False,False,False,0,0,568600,602000,False
standard,S1,79,12,fullscope,True,optimal,12,12,0,False,False,False,0,0,839600,882800,True
standard,S1,82,12,violated0,True,optimal,3,3,0,False,False,False,0,0,943500,991200,False
standard,S1,82,12,radius0,True,optimal,3,3,0,False,False,False,0,0,738300,781800,False
standard,S1,82,12,radius1,True,optimal,3,3,0,False,False,False,0,0,737600,781700,False
standard,S1,82,12,radius2,True,optimal,3,3,0,False,False,False,0,0,712100,753900,False
standard,S1,82,12,frontier,True,optimal,3,3,0,False,False,False,0,22000,712300,769500,False
standard,S1,82,12,explanation,True,optimal,3,3,0,False,False,False,0,19100,728800,784000,False
standard,S1,82,12,assumption,True,optimal,3,3,0,False,False,False,0,0,710600,745700,False
standard,S1,82,12,fullscope,True,optimal,12,12,0,False,False,False,0,0,1354200,1397700,True
standard,S2,54,18,violated0,True,optimal,2,2,0,False,False,False,0,0,787000,843700,False
standard,S2,54,18,radius0,True,optimal,2,2,0,False,False,False,0,0,559200,607600,False
standard,S2,54,18,radius1,True,optimal,2,2,0,False,False,False,0,0,555500,604200,False
standard,S2,54,18,radius2,True,optimal,2,2,0,False,False,False,0,0,520300,566700,False
standard,S2,54,18,frontier,True,optimal,2,2,0,False,False,False,0,17700,628200,688100,False
standard,S2,54,18,explanation,True,optimal,2,2,0,False,False,False,0,15000,547600,602000,False
standard,S2,54,18,assumption,True,optimal,2,2,0,False,False,False,0,0,523000,561100,False
standard,S2,54,18,fullscope,True,optimal,18,18,0,False,False,False,0,0,2213600,2266600,True
standard,S2,60,18,violated0,False,infeasible,2,2,0,False,False,False,0,0,352100,389400,False
standard,S2,60,18,radius0,False,infeasible,2,2,0,False,False,False,0,0,197200,227400,False
standard,S2,60,18,radius1,False,infeasible,6,6,0,False,False,False,0,0,350800,381600,False
standard,S2,60,18,radius2,True,optimal,10,10,0,False,False,False,0,0,751300,814500,False
standard,S2,60,18,frontier,True,optimal,2,10,2,False,False,True,8,252400,716600,1052800,False
standard,S2,60,18,explanation,True,optimal,2,11,3,True,False,True,9,289500,1152700,1709900,False
standard,S2,60,18,assumption,True,optimal,2,6,2,False,True,False,4,0,5287700,5396400,False
standard,S2,60,18,fullscope,True,optimal,18,18,0,False,False,False,0,0,2252200,2309600,True
standard,S2,67,18,violated0,True,optimal,2,2,0,False,False,False,0,0,783200,839200,False
standard,S2,67,18,radius0,True,optimal,2,2,0,False,False,False,0,0,547100,595800,False
standard,S2,67,18,radius1,True,optimal,2,2,0,False,False,False,0,0,555900,604500,False
standard,S2,67,18,radius2,True,optimal,2,2,0,False,False,False,0,0,529600,578100,False
standard,S2,67,18,frontier,True,optimal,2,2,0,False,False,False,0,16100,524700,579200,False
standard,S2,67,18,explanation,True,optimal,2,2,0,False,False,False,0,14200,536700,590100,False
standard,S2,67,18,assumption,True,optimal,2,2,0,False,False,False,0,0,528600,567000,False
standard,S2,67,18,fullscope,True,optimal,18,18,0,False,False,False,0,0,2013600,2069100,True
standard,S2,74,18,violated0,True,optimal,4,4,0,False,False,False,0,0,1153600,1213700,False
standard,S2,74,18,radius0,True,optimal,4,4,0,False,False,False,0,0,949900,1003400,False
standard,S2,74,18,radius1,True,optimal,4,4,0,False,False,False,0,0,923200,976700,False
standard,S2,74,18,radius2,True,optimal,4,4,0,False,False,False,0,0,1052400,1119200,False
standard,S2,74,18,frontier,True,optimal,4,4,0,False,False,False,0,27500,1012700,1084800,False
standard,S2,74,18,explanation,True,optimal,4,4,0,False,False,False,0,21000,935200,999700,False
standard,S2,74,18,assumption,True,optimal,4,4,0,False,False,False,0,0,942400,984300,False
standard,S2,74,18,fullscope,True,optimal,18,18,0,False,False,False,0,0,3166500,3221100,True
standard,S2,86,18,violated0,True,optimal,2,2,0,False,False,False,0,0,786700,842300,False
standard,S2,86,18,radius0,True,optimal,2,2,0,False,False,False,0,0,556700,605500,False
standard,S2,86,18,radius1,True,optimal,2,2,0,False,False,False,0,0,526100,573600,False
standard,S2,86,18,radius2,True,optimal,2,2,0,False,False,False,0,0,543600,591300,False
standard,S2,86,18,frontier,True,optimal,2,2,0,False,False,False,0,16100,524200,578000,False
standard,S2,86,18,explanation,True,optimal,2,2,0,False,False,False,0,14900,523300,576000,False
standard,S2,86,18,assumption,True,optimal,2,2,0,False,False,False,0,0,534900,581300,False
standard,S2,86,18,fullscope,True,optimal,18,18,0,False,False,False,0,0,1165300,1217600,True
standard,S2,87,18,violated0,True,optimal,2,2,0,False,False,False,0,0,381500,428100,False
standard,S2,87,18,radius0,True,optimal,2,2,0,False,False,False,0,0,282000,365700,False
standard,S2,87,18,radius1,True,optimal,3,3,0,False,False,False,0,0,351900,401200,False
standard,S2,87,18,radius2,True,optimal,5,5,0,False,False,False,0,0,446400,501500,False
standard,S2,87,18,frontier,True,optimal,2,2,0,False,False,False,0,25300,268600,330000,False
standard,S2,87,18,explanation,True,optimal,2,2,0,False,False,False,0,21900,263300,321900,False
standard,S2,87,18,assumption,True,optimal,2,2,0,False,False,False,0,0,383200,420900,False
standard,S2,87,18,fullscope,True,optimal,18,18,0,False,False,False,0,0,1612100,1665100,True
standard,S3,46,20,violated0,True,optimal,2,2,0,False,False,False,0,0,868300,927200,False
standard,S3,46,20,radius0,True,optimal,2,2,0,False,False,False,0,0,559700,611700,False
standard,S3,46,20,radius1,True,optimal,2,2,0,False,False,False,0,0,542700,594900,False
standard,S3,46,20,radius2,True,optimal,2,2,0,False,False,False,0,0,540100,590700,False
standard,S3,46,20,frontier,True,optimal,2,2,0,False,False,False,0,17500,530000,588100,False
standard,S3,46,20,explanation,True,optimal,2,2,0,False,False,False,0,14100,534000,589200,False
standard,S3,46,20,assumption,True,optimal,2,2,0,False,False,False,0,0,545400,586100,False
standard,S3,46,20,fullscope,True,optimal,20,20,0,False,False,False,0,0,1949800,2007000,True
standard,S3,47,20,violated0,True,optimal,2,2,0,False,False,False,0,0,608200,653700,False
standard,S3,47,20,radius0,True,optimal,2,2,0,False,False,False,0,0,523600,570500,False
standard,S3,47,20,radius1,True,optimal,2,2,0,False,False,False,0,0,535300,592700,False
standard,S3,47,20,radius2,True,optimal,2,2,0,False,False,False,0,0,533100,581500,False
standard,S3,47,20,frontier,True,optimal,2,2,0,False,False,False,0,14800,532600,587700,False
standard,S3,47,20,explanation,True,optimal,2,2,0,False,False,False,0,13700,533400,587700,False
standard,S3,47,20,assumption,True,optimal,2,2,0,False,False,False,0,0,526200,564800,False
standard,S3,47,20,fullscope,True,optimal,20,20,0,False,False,False,0,0,1725900,1781600,True
standard,S3,53,20,violated0,True,optimal,2,2,0,False,False,False,0,0,784100,843000,False
standard,S3,53,20,radius0,True,optimal,2,2,0,False,False,False,0,0,546100,596500,False
standard,S3,53,20,radius1,True,optimal,2,2,0,False,False,False,0,0,565700,617500,False
standard,S3,53,20,radius2,True,optimal,2,2,0,False,False,False,0,0,658200,712900,False
standard,S3,53,20,frontier,True,optimal,2,2,0,False,False,False,0,22000,593800,657600,False
standard,S3,53,20,explanation,True,optimal,2,2,0,False,False,False,0,15200,548700,603900,False
standard,S3,53,20,assumption,True,optimal,2,2,0,False,False,False,0,0,547800,587600,False
standard,S3,53,20,fullscope,True,optimal,20,20,0,False,False,False,0,0,2838700,2895800,True
standard,S3,54,20,violated0,True,optimal,2,2,0,False,False,False,0,0,728400,782900,False
standard,S3,54,20,radius0,True,optimal,2,2,0,False,False,False,0,0,545500,594700,False
standard,S3,54,20,radius1,True,optimal,2,2,0,False,False,False,0,0,543100,601800,False
standard,S3,54,20,radius2,True,optimal,2,2,0,False,False,False,0,0,524800,574100,False
standard,S3,54,20,frontier,True,optimal,2,2,0,False,False,False,0,18800,525000,584200,False
standard,S3,54,20,explanation,True,optimal,2,2,0,False,False,False,0,14300,537700,592100,False
standard,S3,54,20,assumption,True,optimal,2,2,0,False,False,False,0,0,528600,568500,False
standard,S3,54,20,fullscope,True,optimal,20,20,0,False,False,False,0,0,3057300,3113900,True
standard,S3,61,20,violated0,True,optimal,4,4,0,False,False,False,0,0,1169800,1231300,False
standard,S3,61,20,radius0,True,optimal,4,4,0,False,False,False,0,0,920100,975200,False
standard,S3,61,20,radius1,True,optimal,4,4,0,False,False,False,0,0,917400,974500,False
standard,S3,61,20,radius2,True,optimal,4,4,0,False,False,False,0,0,901400,955900,False
standard,S3,61,20,frontier,True,optimal,4,4,0,False,False,False,0,24600,927600,996400,False
standard,S3,61,20,explanation,True,optimal,4,4,0,False,False,False,0,20600,917100,981500,False
standard,S3,61,20,assumption,True,optimal,4,4,0,False,False,False,0,0,956900,1001700,False
standard,S3,61,20,fullscope,True,optimal,20,20,0,False,False,False,0,0,3209900,3268300,True
standard,S3,66,20,violated0,True,optimal,3,3,0,False,False,False,0,0,937400,998600,False
standard,S3,66,20,radius0,True,optimal,3,3,0,False,False,False,0,0,734400,826500,False
standard,S3,66,20,radius1,True,optimal,3,3,0,False,False,False,0,0,693700,747000,False
standard,S3,66,20,radius2,True,optimal,3,3,0,False,False,False,0,0,677000,729100,False
standard,S3,66,20,frontier,True,optimal,3,3,0,False,False,False,0,21900,694900,759500,False
standard,S3,66,20,explanation,True,optimal,3,3,0,False,False,False,0,20000,682800,745000,False
standard,S3,66,20,assumption,True,optimal,3,3,0,False,False,False,0,0,671400,714200,False
standard,S3,66,20,fullscope,True,optimal,20,20,0,False,False,False,0,0,1939500,2019200,True
standard,S3,73,20,violated0,True,optimal,2,2,0,False,False,False,0,0,864000,922600,False
standard,S3,73,20,radius0,True,optimal,2,2,0,False,False,False,0,0,538500,588700,False
standard,S3,73,20,radius1,True,optimal,2,2,0,False,False,False,0,0,550600,602100,False
standard,S3,73,20,radius2,True,optimal,2,2,0,False,False,False,0,0,519700,568500,False
standard,S3,73,20,frontier,True,optimal,2,2,0,False,False,False,0,18600,533600,595600,False
standard,S3,73,20,explanation,True,optimal,2,2,0,False,False,False,0,15400,547700,606300,False
standard,S3,73,20,assumption,True,optimal,2,2,0,False,False,False,0,0,524400,564900,False
standard,S3,73,20,fullscope,True,optimal,20,20,0,False,False,False,0,0,3060700,3117200,True
standard,S3,79,20,violated0,True,optimal,2,2,0,False,False,False,0,0,625800,684400,False
standard,S3,79,20,radius0,True,optimal,2,2,0,False,False,False,0,0,386700,438500,False
standard,S3,79,20,radius1,True,optimal,2,2,0,False,False,False,0,0,365400,414800,False
standard,S3,79,20,radius2,True,optimal,2,2,0,False,False,False,0,0,390700,439300,False
standard,S3,79,20,frontier,True,optimal,2,2,0,False,False,False,0,22600,368600,429400,False
standard,S3,79,20,explanation,True,optimal,2,2,0,False,False,False,0,16700,360900,416300,False
standard,S3,79,20,assumption,True,optimal,2,2,0,False,False,False,0,0,372000,411100,False
standard,S3,79,20,fullscope,True,optimal,20,20,0,False,False,False,0,0,3552900,3612600,True
standard,S3,80,20,violated0,True,optimal,2,2,0,False,False,False,0,0,712200,764900,False
standard,S3,80,20,radius0,True,optimal,2,2,0,False,False,False,0,0,640600,698300,False
standard,S3,80,20,radius1,True,optimal,2,2,0,False,False,False,0,0,560800,615000,False
standard,S3,80,20,radius2,True,optimal,2,2,0,False,False,False,0,0,544400,595900,False
standard,S3,80,20,frontier,True,optimal,2,2,0,False,False,False,0,18200,549900,608500,False
standard,S3,80,20,explanation,True,optimal,2,2,0,False,False,False,0,13900,528700,582100,False
standard,S3,80,20,assumption,True,optimal,2,2,0,False,False,False,0,0,517200,557000,False
standard,S3,80,20,fullscope,True,optimal,20,20,0,False,False,False,0,0,2669500,2726200,True
standard,S3,90,20,violated0,True,optimal,2,2,0,False,False,False,0,0,819000,880700,False
standard,S3,90,20,radius0,True,optimal,2,2,0,False,False,False,0,0,549200,600400,False
standard,S3,90,20,radius1,True,optimal,2,2,0,False,False,False,0,0,553800,606100,False
standard,S3,90,20,radius2,True,optimal,2,2,0,False,False,False,0,0,532100,582900,False
standard,S3,90,20,frontier,True,optimal,2,2,0,False,False,False,0,19100,534300,593700,False
standard,S3,90,20,explanation,True,optimal,2,2,0,False,False,False,0,14100,533800,592000,False
standard,S3,90,20,assumption,True,optimal,2,2,0,False,False,False,0,0,538000,579300,False
standard,S3,90,20,fullscope,True,optimal,20,20,0,False,False,False,0,0,2143100,2200200,True
standard,S3,91,20,violated0,True,optimal,2,2,0,False,False,False,0,0,751400,806800,False
standard,S3,91,20,radius0,True,optimal,2,2,0,False,False,False,0,0,568700,617700,False
standard,S3,91,20,radius1,True,optimal,2,2,0,False,False,False,0,0,536700,587900,False
standard,S3,91,20,radius2,True,optimal,2,2,0,False,False,False,0,0,528100,577500,False
standard,S3,91,20,frontier,True,optimal,2,2,0,False,False,False,0,19000,578200,638400,False
standard,S3,91,20,explanation,True,optimal,2,2,0,False,False,False,0,15700,544800,602700,False
standard,S3,91,20,assumption,True,optimal,2,2,0,False,False,False,0,0,527100,568300,False
standard,S3,91,20,fullscope,True,optimal,20,20,0,False,False,False,0,0,2037000,2093600,True
standard,S4,42,24,violated0,True,optimal,5,5,0,False,False,False,0,0,1318300,1388200,False
standard,S4,42,24,radius0,True,optimal,5,5,0,False,False,False,0,0,1126300,1191300,False
standard,S4,42,24,radius1,True,optimal,5,5,0,False,False,False,0,0,1217200,1285400,False
standard,S4,42,24,radius2,True,optimal,5,5,0,False,False,False,0,0,1185400,1256700,False
standard,S4,42,24,frontier,True,optimal,5,5,0,False,False,False,0,30900,1151400,1230800,False
standard,S4,42,24,explanation,True,optimal,5,5,0,False,False,False,0,25100,1082200,1154800,False
standard,S4,42,24,assumption,True,optimal,5,5,0,False,False,False,0,0,1077700,1126200,False
standard,S4,42,24,fullscope,True,optimal,24,24,0,False,False,False,0,0,4280300,4359000,True
standard,S4,46,24,violated0,True,optimal,2,2,0,False,False,False,0,0,786900,854400,False
standard,S4,46,24,radius0,True,optimal,2,2,0,False,False,False,0,0,546500,603300,False
standard,S4,46,24,radius1,True,optimal,2,2,0,False,False,False,0,0,553800,611400,False
standard,S4,46,24,radius2,True,optimal,2,2,0,False,False,False,0,0,528100,583700,False
standard,S4,46,24,frontier,True,optimal,2,2,0,False,False,False,0,18200,562700,626000,False
standard,S4,46,24,explanation,True,optimal,2,2,0,False,False,False,0,15800,546600,606200,False
standard,S4,46,24,assumption,True,optimal,2,2,0,False,False,False,0,0,532500,576400,False
standard,S4,46,24,fullscope,True,optimal,24,24,0,False,False,False,0,0,2931300,3007400,True
standard,S4,47,24,violated0,True,optimal,2,2,0,False,False,False,0,0,794200,859800,False
standard,S4,47,24,radius0,True,optimal,2,2,0,False,False,False,0,0,569700,626300,False
standard,S4,47,24,radius1,True,optimal,2,2,0,False,False,False,0,0,563200,621100,False
standard,S4,47,24,radius2,True,optimal,2,2,0,False,False,False,0,0,549300,605900,False
standard,S4,47,24,frontier,True,optimal,2,2,0,False,False,False,0,19200,549600,613100,False
standard,S4,47,24,explanation,True,optimal,2,2,0,False,False,False,0,15100,578300,647400,False
standard,S4,47,24,assumption,True,optimal,2,2,0,False,False,False,0,0,540800,585300,False
standard,S4,47,24,fullscope,True,optimal,24,24,0,False,False,False,0,0,2841100,2918600,True
standard,S4,50,24,violated0,True,optimal,2,2,0,False,False,False,0,0,766300,828500,False
standard,S4,50,24,radius0,True,optimal,2,2,0,False,False,False,0,0,564900,620100,False
standard,S4,50,24,radius1,True,optimal,2,2,0,False,False,False,0,0,540400,596500,False
standard,S4,50,24,radius2,True,optimal,2,2,0,False,False,False,0,0,537400,592700,False
standard,S4,50,24,frontier,True,optimal,2,2,0,False,False,False,0,17400,571600,632600,False
standard,S4,50,24,explanation,True,optimal,2,2,0,False,False,False,0,14700,541500,603600,False
standard,S4,50,24,assumption,True,optimal,2,2,0,False,False,False,0,0,540100,584400,False
standard,S4,50,24,fullscope,True,optimal,24,24,0,False,False,False,0,0,2769600,2846700,True
standard,S4,52,24,violated0,True,optimal,2,2,0,False,False,False,0,0,775700,838800,False
standard,S4,52,24,radius0,True,optimal,2,2,0,False,False,False,0,0,600100,661200,False
standard,S4,52,24,radius1,True,optimal,2,2,0,False,False,False,0,0,575200,633700,False
standard,S4,52,24,radius2,True,optimal,2,2,0,False,False,False,0,0,530200,584700,False
standard,S4,52,24,frontier,True,optimal,2,2,0,False,False,False,0,18200,560700,624600,False
standard,S4,52,24,explanation,True,optimal,2,2,0,False,False,False,0,14800,537400,598300,False
standard,S4,52,24,assumption,True,optimal,2,2,0,False,False,False,0,0,533800,577200,False
standard,S4,52,24,fullscope,True,optimal,24,24,0,False,False,False,0,0,4032300,4105400,True
standard,S4,53,24,violated0,True,optimal,2,2,0,False,False,False,0,0,775400,837200,False
standard,S4,53,24,radius0,True,optimal,2,2,0,False,False,False,0,0,661400,720500,False
standard,S4,53,24,radius1,True,optimal,2,2,0,False,False,False,0,0,558900,618800,False
standard,S4,53,24,radius2,True,optimal,2,2,0,False,False,False,0,0,547000,604200,False
standard,S4,53,24,frontier,True,optimal,2,2,0,False,False,False,0,19100,535700,606600,False
standard,S4,53,24,explanation,True,optimal,2,2,0,False,False,False,0,14500,569500,629400,False
standard,S4,53,24,assumption,True,optimal,2,2,0,False,False,False,0,0,527600,572600,False
standard,S4,53,24,fullscope,True,optimal,24,24,0,False,False,False,0,0,3768500,3844100,True
standard,S4,55,24,violated0,True,optimal,3,3,0,False,False,False,0,0,936400,1004000,False
standard,S4,55,24,radius0,True,optimal,3,3,0,False,False,False,0,0,734000,794600,False
standard,S4,55,24,radius1,True,optimal,3,3,0,False,False,False,0,0,697600,757700,False
standard,S4,55,24,radius2,True,optimal,3,3,0,False,False,False,0,0,692200,750800,False
standard,S4,55,24,frontier,True,optimal,3,3,0,False,False,False,0,26600,708500,781100,False
standard,S4,55,24,explanation,True,optimal,3,3,0,False,False,False,0,20400,705400,770600,False
standard,S4,55,24,assumption,True,optimal,3,3,0,False,False,False,0,0,748200,796000,False
standard,S4,55,24,fullscope,True,optimal,24,24,0,False,False,False,0,0,3950100,4036800,True
standard,S4,58,24,violated0,True,optimal,5,5,0,False,False,False,0,0,1363500,1438200,False
standard,S4,58,24,radius0,True,optimal,5,5,0,False,False,False,0,0,1143900,1210400,False
standard,S4,58,24,radius1,True,optimal,5,5,0,False,False,False,0,0,1094900,1159100,False
standard,S4,58,24,radius2,True,optimal,5,5,0,False,False,False,0,0,1101400,1162500,False
standard,S4,58,24,frontier,True,optimal,5,5,0,False,False,False,0,30800,1064900,1144500,False
standard,S4,58,24,explanation,True,optimal,5,5,0,False,False,False,0,25800,1276700,1362600,False
standard,S4,58,24,assumption,True,optimal,5,5,0,False,False,False,0,0,1158100,1208600,False
standard,S4,58,24,fullscope,True,optimal,24,24,0,False,False,False,0,0,4181000,4256300,True
standard,S4,61,24,violated0,True,optimal,2,2,0,False,False,False,0,0,782200,845700,False
standard,S4,61,24,radius0,True,optimal,2,2,0,False,False,False,0,0,555700,620800,False
standard,S4,61,24,radius1,True,optimal,2,2,0,False,False,False,0,0,545100,602000,False
standard,S4,61,24,radius2,True,optimal,2,2,0,False,False,False,0,0,557200,612500,False
standard,S4,61,24,frontier,True,optimal,2,2,0,False,False,False,0,19300,524900,587300,False
standard,S4,61,24,explanation,True,optimal,2,2,0,False,False,False,0,13900,536700,595200,False
standard,S4,61,24,assumption,True,optimal,2,2,0,False,False,False,0,0,526100,569800,False
standard,S4,61,24,fullscope,True,optimal,24,24,0,False,False,False,0,0,3531400,3612800,True
standard,S4,70,24,violated0,True,optimal,2,2,0,False,False,False,0,0,555400,621700,False
standard,S4,70,24,radius0,True,optimal,2,2,0,False,False,False,0,0,324400,378300,False
standard,S4,70,24,radius1,True,optimal,3,3,0,False,False,False,0,0,473500,535000,False
standard,S4,70,24,radius2,True,optimal,5,5,0,False,False,False,0,0,535200,620800,False
standard,S4,70,24,frontier,True,optimal,2,2,0,False,False,False,0,35700,295600,373900,False
standard,S4,70,24,explanation,True,optimal,2,2,0,False,False,False,0,30000,307800,384400,False
standard,S4,70,24,assumption,True,optimal,2,2,0,False,False,False,0,0,873600,921900,False
standard,S4,70,24,fullscope,True,optimal,24,24,0,False,False,False,0,0,2767600,2839300,True
standard,S4,71,24,violated0,True,optimal,2,2,0,False,False,False,0,0,726600,784600,False
standard,S4,71,24,radius0,True,optimal,2,2,0,False,False,False,0,0,542800,593200,False
standard,S4,71,24,radius1,True,optimal,2,2,0,False,False,False,0,0,538400,593700,False
standard,S4,71,24,radius2,True,optimal,2,2,0,False,False,False,0,0,532700,588900,False
standard,S4,71,24,frontier,True,optimal,2,2,0,False,False,False,0,17900,525300,587100,False
standard,S4,71,24,explanation,True,optimal,2,2,0,False,False,False,0,13800,539500,605700,False
standard,S4,71,24,assumption,True,optimal,2,2,0,False,False,False,0,0,712000,762300,False
standard,S4,71,24,fullscope,True,optimal,24,24,0,False,False,False,0,0,3244400,3319400,True
standard,S4,75,24,violated0,True,optimal,4,4,0,False,False,False,0,0,1147600,1212900,False
standard,S4,75,24,radius0,True,optimal,4,4,0,False,False,False,0,0,940700,1001200,False
standard,S4,75,24,radius1,True,optimal,4,4,0,False,False,False,0,0,944400,1007500,False
standard,S4,75,24,radius2,True,optimal,4,4,0,False,False,False,0,0,924600,985000,False
standard,S4,75,24,frontier,True,optimal,4,4,0,False,False,False,0,25900,902900,977400,False
standard,S4,75,24,explanation,True,optimal,4,4,0,False,False,False,0,21100,920600,989600,False
standard,S4,75,24,assumption,True,optimal,4,4,0,False,False,False,0,0,924700,971600,False
standard,S4,75,24,fullscope,True,optimal,24,24,0,False,False,False,0,0,4632000,4705900,True
standard,S4,78,24,violated0,True,optimal,7,7,0,False,False,False,0,0,1793200,1867900,False
standard,S4,78,24,radius0,True,optimal,7,7,0,False,False,False,0,0,1540200,1606600,False
standard,S4,78,24,radius1,True,optimal,7,7,0,False,False,False,0,0,1547300,1614100,False
standard,S4,78,24,radius2,True,optimal,7,7,0,False,False,False,0,0,1507600,1572000,False
standard,S4,78,24,frontier,True,optimal,7,7,0,False,False,False,0,34600,1583400,1671500,False
standard,S4,78,24,explanation,True,optimal,7,7,0,False,False,False,0,29700,1599000,1683600,False
standard,S4,78,24,assumption,True,optimal,7,7,0,False,False,False,0,0,1599500,1655600,False
standard,S4,78,24,fullscope,True,optimal,24,24,0,False,False,False,0,0,3900800,3974800,True
standard,S4,80,24,violated0,True,optimal,2,2,0,False,False,False,0,0,772100,837300,False
standard,S4,80,24,radius0,True,optimal,2,2,0,False,False,False,0,0,576200,634500,False
standard,S4,80,24,radius1,True,optimal,2,2,0,False,False,False,0,0,543800,601500,False
standard,S4,80,24,radius2,True,optimal,2,2,0,False,False,False,0,0,636400,697200,False
standard,S4,80,24,frontier,True,optimal,2,2,0,False,False,False,0,21100,558700,625400,False
standard,S4,80,24,explanation,True,optimal,2,2,0,False,False,False,0,16100,1552700,1617800,False
standard,S4,80,24,assumption,True,optimal,2,2,0,False,False,False,0,0,547200,593500,False
standard,S4,80,24,fullscope,True,optimal,24,24,0,False,False,False,0,0,3801600,3876900,True
standard,S4,84,24,violated0,True,optimal,2,2,0,False,False,False,0,0,788900,857100,False
standard,S4,84,24,radius0,True,optimal,2,2,0,False,False,False,0,0,559600,618100,False
standard,S4,84,24,radius1,True,optimal,2,2,0,False,False,False,0,0,540000,595900,False
standard,S4,84,24,radius2,True,optimal,2,2,0,False,False,False,0,0,549800,613000,False
standard,S4,84,24,frontier,True,optimal,2,2,0,False,False,False,0,19700,529900,594700,False
standard,S4,84,24,explanation,True,optimal,2,2,0,False,False,False,0,15000,530500,588200,False
standard,S4,84,24,assumption,True,optimal,2,2,0,False,False,False,0,0,571400,617900,False
standard,S4,84,24,fullscope,True,optimal,24,24,0,False,False,False,0,0,3539500,3622200,True
standard,S4,91,24,violated0,True,optimal,2,2,0,False,False,False,0,0,854600,934500,False
standard,S4,91,24,radius0,True,optimal,2,2,0,False,False,False,0,0,625100,682500,False
standard,S4,91,24,radius1,True,optimal,2,2,0,False,False,False,0,0,1535100,1595900,False
standard,S4,91,24,radius2,True,optimal,2,2,0,False,False,False,0,0,613300,672500,False
standard,S4,91,24,frontier,True,optimal,2,2,0,False,False,False,0,18200,548300,610800,False
standard,S4,91,24,explanation,True,optimal,2,2,0,False,False,False,0,14300,535900,592900,False
standard,S4,91,24,assumption,True,optimal,2,2,0,False,False,False,0,0,577500,622900,False
standard,S4,91,24,fullscope,True,optimal,24,24,0,False,False,False,0,0,2061200,2133800,True
standard,S5,42,30,violated0,True,optimal,2,2,0,False,False,False,0,0,794800,863300,False
standard,S5,42,30,radius0,True,optimal,2,2,0,False,False,False,0,0,567100,628300,False
standard,S5,42,30,radius1,True,optimal,2,2,0,False,False,False,0,0,531400,595100,False
standard,S5,42,30,radius2,True,optimal,2,2,0,False,False,False,0,0,516200,578200,False
standard,S5,42,30,frontier,True,optimal,2,2,0,False,False,False,0,19500,544800,612400,False
standard,S5,42,30,explanation,True,optimal,2,2,0,False,False,False,0,13600,518600,580600,False
standard,S5,42,30,assumption,True,optimal,2,2,0,False,False,False,0,0,520600,568100,False
standard,S5,42,30,fullscope,True,optimal,30,30,0,False,False,False,0,0,4388900,4470400,True
standard,S5,46,30,violated0,True,optimal,2,2,0,False,False,False,0,0,788400,861100,False
standard,S5,46,30,radius0,True,optimal,2,2,0,False,False,False,0,0,561800,624400,False
standard,S5,46,30,radius1,True,optimal,2,2,0,False,False,False,0,0,546100,609900,False
standard,S5,46,30,radius2,True,optimal,2,2,0,False,False,False,0,0,529700,593000,False
standard,S5,46,30,frontier,True,optimal,2,2,0,False,False,False,0,19300,537600,607100,False
standard,S5,46,30,explanation,True,optimal,2,2,0,False,False,False,0,15000,539500,602300,False
standard,S5,46,30,assumption,True,optimal,2,2,0,False,False,False,0,0,530000,580700,False
standard,S5,46,30,fullscope,True,optimal,30,30,0,False,False,False,0,0,4787800,4872000,True
standard,S5,47,30,violated0,True,optimal,2,2,0,False,False,False,0,0,943000,1022200,False
standard,S5,47,30,radius0,True,optimal,2,2,0,False,False,False,0,0,588300,656100,False
standard,S5,47,30,radius1,True,optimal,2,2,0,False,False,False,0,0,548400,615000,False
standard,S5,47,30,radius2,True,optimal,2,2,0,False,False,False,0,0,570400,636900,False
standard,S5,47,30,frontier,True,optimal,2,2,0,False,False,False,0,20900,538300,610200,False
standard,S5,47,30,explanation,True,optimal,2,2,0,False,False,False,0,17700,550900,619400,False
standard,S5,47,30,assumption,True,optimal,2,2,0,False,False,False,0,0,580600,630500,False
standard,S5,47,30,fullscope,True,optimal,30,30,0,False,False,False,0,0,2165400,2258500,True
standard,S5,50,30,violated0,True,optimal,2,2,0,False,False,False,0,0,768600,837600,False
standard,S5,50,30,radius0,True,optimal,2,2,0,False,False,False,0,0,611700,676100,False
standard,S5,50,30,radius1,True,optimal,2,2,0,False,False,False,0,0,552100,618400,False
standard,S5,50,30,radius2,True,optimal,2,2,0,False,False,False,0,0,534600,598800,False
standard,S5,50,30,frontier,True,optimal,2,2,0,False,False,False,0,16700,531900,597900,False
standard,S5,50,30,explanation,True,optimal,2,2,0,False,False,False,0,14200,544800,616200,False
standard,S5,50,30,assumption,True,optimal,2,2,0,False,False,False,0,0,528900,578900,False
standard,S5,50,30,fullscope,True,optimal,30,30,0,False,False,False,0,0,2259700,2345000,True
standard,S5,51,30,violated0,True,optimal,2,2,0,False,False,False,0,0,403300,461500,False
standard,S5,51,30,radius0,True,optimal,2,2,0,False,False,False,0,0,326500,387100,False
standard,S5,51,30,radius1,True,optimal,4,4,0,False,False,False,0,0,511600,582700,False
standard,S5,51,30,radius2,True,optimal,10,10,0,False,False,False,0,0,757800,838100,False
standard,S5,51,30,frontier,True,optimal,2,2,0,False,False,False,0,44400,335500,428900,False
standard,S5,51,30,explanation,True,optimal,2,2,0,False,False,False,0,41200,369300,460700,False
standard,S5,51,30,assumption,True,optimal,2,2,0,False,False,False,0,0,510600,562000,False
standard,S5,51,30,fullscope,True,optimal,30,30,0,False,False,False,0,0,1753600,1833200,True
standard,S5,58,30,violated0,True,optimal,2,2,0,False,False,False,0,0,822800,892000,False
standard,S5,58,30,radius0,True,optimal,2,2,0,False,False,False,0,0,579400,641300,False
standard,S5,58,30,radius1,True,optimal,2,2,0,False,False,False,0,0,561500,625200,False
standard,S5,58,30,radius2,True,optimal,2,2,0,False,False,False,0,0,570900,634500,False
standard,S5,58,30,frontier,True,optimal,2,2,0,False,False,False,0,17600,557800,624400,False
standard,S5,58,30,explanation,True,optimal,2,2,0,False,False,False,0,12300,554200,614900,False
standard,S5,58,30,assumption,True,optimal,2,2,0,False,False,False,0,0,548600,605300,False
standard,S5,58,30,fullscope,True,optimal,30,30,0,False,False,False,0,0,4487900,4576400,True
standard,S5,64,30,violated0,True,optimal,2,2,0,False,False,False,0,0,608800,684600,False
standard,S5,64,30,radius0,True,optimal,2,2,0,False,False,False,0,0,390900,457900,False
standard,S5,64,30,radius1,True,optimal,3,3,0,False,False,False,0,0,692800,763100,False
standard,S5,64,30,radius2,True,optimal,4,4,0,False,False,False,0,0,811000,889000,False
standard,S5,64,30,frontier,True,optimal,2,2,0,False,False,False,0,31400,356400,438900,False
standard,S5,64,30,explanation,True,optimal,2,2,0,False,False,False,0,30200,344200,423600,False
standard,S5,64,30,assumption,True,optimal,2,2,0,False,False,False,0,0,773200,823800,False
standard,S5,64,30,fullscope,True,optimal,30,30,0,False,False,False,0,0,3170000,3251700,True
standard,S5,65,30,violated0,True,optimal,4,4,0,False,False,False,0,0,1035400,1101300,False
standard,S5,65,30,radius0,True,optimal,4,4,0,False,False,False,0,0,955500,1020000,False
standard,S5,65,30,radius1,True,optimal,4,4,0,False,False,False,0,0,929600,997300,False
standard,S5,65,30,radius2,True,optimal,4,4,0,False,False,False,0,0,909100,976400,False
standard,S5,65,30,frontier,True,optimal,4,4,0,False,False,False,0,23400,932900,1008700,False
standard,S5,65,30,explanation,True,optimal,4,4,0,False,False,False,0,22300,937900,1014500,False
standard,S5,65,30,assumption,True,optimal,4,4,0,False,False,False,0,0,920200,975200,False
standard,S5,65,30,fullscope,True,optimal,30,30,0,False,False,False,0,0,3054900,3139300,True
standard,S5,67,30,violated0,False,infeasible,2,2,0,False,False,False,0,0,377800,422600,False
standard,S5,67,30,radius0,False,infeasible,2,2,0,False,False,False,0,0,222300,261400,False
standard,S5,67,30,radius1,False,infeasible,7,7,0,False,False,False,0,0,356300,396800,False
standard,S5,67,30,radius2,False,infeasible,11,11,0,False,False,False,0,0,468900,513400,False
standard,S5,67,30,frontier,True,optimal,2,14,3,False,False,True,12,367300,2272900,2768300,False
standard,S5,67,30,explanation,True,optimal,2,13,3,True,False,True,11,477600,2027900,2842200,False
standard,S5,67,30,assumption,True,optimal,2,5,3,False,True,False,3,0,6314900,6460200,False
standard,S5,67,30,fullscope,True,optimal,30,30,0,False,False,False,0,0,4204700,4286400,True
standard,S5,69,30,violated0,True,optimal,3,3,0,False,False,False,0,0,926900,999800,False
standard,S5,69,30,radius0,True,optimal,3,3,0,False,False,False,0,0,722000,785600,False
standard,S5,69,30,radius1,True,optimal,3,3,0,False,False,False,0,0,705900,773200,False
standard,S5,69,30,radius2,True,optimal,3,3,0,False,False,False,0,0,705700,771800,False
standard,S5,69,30,frontier,True,optimal,3,3,0,False,False,False,0,25800,688400,766700,False
standard,S5,69,30,explanation,True,optimal,3,3,0,False,False,False,0,20300,689300,761600,False
standard,S5,69,30,assumption,True,optimal,3,3,0,False,False,False,0,0,733800,786600,False
standard,S5,69,30,fullscope,True,optimal,30,30,0,False,False,False,0,0,3708500,3791300,True
standard,S5,73,30,violated0,True,optimal,2,2,0,False,False,False,0,0,786400,862500,False
standard,S5,73,30,radius0,True,optimal,2,2,0,False,False,False,0,0,550500,617300,False
standard,S5,73,30,radius1,True,optimal,2,2,0,False,False,False,0,0,550100,615400,False
standard,S5,73,30,radius2,True,optimal,2,2,0,False,False,False,0,0,537600,600800,False
standard,S5,73,30,frontier,True,optimal,2,2,0,False,False,False,0,20700,530600,601300,False
standard,S5,73,30,explanation,True,optimal,2,2,0,False,False,False,0,15100,612700,684500,False
standard,S5,73,30,assumption,True,optimal,2,2,0,False,False,False,0,0,601300,675000,False
standard,S5,73,30,fullscope,True,optimal,30,30,0,False,False,False,0,0,4347100,4433000,True
standard,S5,74,30,violated0,True,optimal,2,2,0,False,False,False,0,0,737900,806500,False
standard,S5,74,30,radius0,True,optimal,2,2,0,False,False,False,0,0,565900,628900,False
standard,S5,74,30,radius1,True,optimal,2,2,0,False,False,False,0,0,563500,629800,False
standard,S5,74,30,radius2,True,optimal,2,2,0,False,False,False,0,0,545200,619900,False
standard,S5,74,30,frontier,True,optimal,2,2,0,False,False,False,0,18700,561000,631500,False
standard,S5,74,30,explanation,True,optimal,2,2,0,False,False,False,0,16300,563200,631300,False
standard,S5,74,30,assumption,True,optimal,2,2,0,False,False,False,0,0,538400,586600,False
standard,S5,74,30,fullscope,True,optimal,30,30,0,False,False,False,0,0,3406600,3488700,True
standard,S5,75,30,violated0,True,optimal,2,2,0,False,False,False,0,0,769100,837400,False
standard,S5,75,30,radius0,True,optimal,2,2,0,False,False,False,0,0,552400,613400,False
standard,S5,75,30,radius1,True,optimal,2,2,0,False,False,False,0,0,532200,596000,False
standard,S5,75,30,radius2,True,optimal,2,2,0,False,False,False,0,0,533800,596400,False
standard,S5,75,30,frontier,True,optimal,2,2,0,False,False,False,0,18900,536300,603800,False
standard,S5,75,30,explanation,True,optimal,2,2,0,False,False,False,0,13900,524400,586600,False
standard,S5,75,30,assumption,True,optimal,2,2,0,False,False,False,0,0,532700,582400,False
standard,S5,75,30,fullscope,True,optimal,30,30,0,False,False,False,0,0,5553400,5637400,True
standard,S5,77,30,violated0,True,optimal,2,2,0,False,False,False,0,0,778100,847500,False
standard,S5,77,30,radius0,True,optimal,2,2,0,False,False,False,0,0,558500,621800,False
standard,S5,77,30,radius1,True,optimal,2,2,0,False,False,False,0,0,725900,796000,False
standard,S5,77,30,radius2,True,optimal,2,2,0,False,False,False,0,0,1443300,1513500,False
standard,S5,77,30,frontier,True,optimal,2,2,0,False,False,False,0,18300,547400,616600,False
standard,S5,77,30,explanation,True,optimal,2,2,0,False,False,False,0,36000,591000,679600,False
standard,S5,77,30,assumption,True,optimal,2,2,0,False,False,False,0,0,532700,582000,False
standard,S5,77,30,fullscope,True,optimal,30,30,0,False,False,False,0,0,2181700,2266100,True
standard,S5,84,30,violated0,True,optimal,2,2,0,False,False,False,0,0,822700,897600,False
standard,S5,84,30,radius0,True,optimal,2,2,0,False,False,False,0,0,582600,646500,False
standard,S5,84,30,radius1,True,optimal,2,2,0,False,False,False,0,0,550900,614900,False
standard,S5,84,30,radius2,True,optimal,2,2,0,False,False,False,0,0,545900,610800,False
standard,S5,84,30,frontier,True,optimal,2,2,0,False,False,False,0,19100,543900,613400,False
standard,S5,84,30,explanation,True,optimal,2,2,0,False,False,False,0,14600,529700,594700,False
standard,S5,84,30,assumption,True,optimal,2,2,0,False,False,False,0,0,526300,576700,False
standard,S5,84,30,fullscope,True,optimal,30,30,0,False,False,False,0,0,3897900,3980600,True
standard,S5,87,30,violated0,True,optimal,7,7,0,False,False,False,0,0,1791400,1870100,False
standard,S5,87,30,radius0,True,optimal,7,7,0,False,False,False,0,0,1625200,1700100,False
standard,S5,87,30,radius1,True,optimal,7,7,0,False,False,False,0,0,1579100,1654600,False
standard,S5,87,30,radius2,True,optimal,7,7,0,False,False,False,0,0,1766400,1841800,False
standard,S5,87,30,frontier,True,optimal,7,7,0,False,False,False,0,44300,1611600,1717600,False
standard,S5,87,30,explanation,True,optimal,7,7,0,False,False,False,0,31800,1558300,1648900,False
standard,S5,87,30,assumption,True,optimal,7,7,0,False,False,False,0,0,1553500,1612400,False
standard,S5,87,30,fullscope,True,optimal,30,30,0,False,False,False,0,0,3130900,3215800,True
standard,S5,88,30,violated0,True,optimal,2,2,0,False,False,False,0,0,662200,731500,False
standard,S5,88,30,radius0,True,optimal,2,2,0,False,False,False,0,0,555400,617300,False
standard,S5,88,30,radius1,True,optimal,2,2,0,False,False,False,0,0,546800,612000,False
standard,S5,88,30,radius2,True,optimal,2,2,0,False,False,False,0,0,521900,585400,False
standard,S5,88,30,frontier,True,optimal,2,2,0,False,False,False,0,17000,540300,607700,False
standard,S5,88,30,explanation,True,optimal,2,2,0,False,False,False,0,14700,539000,604400,False
standard,S5,88,30,assumption,True,optimal,2,2,0,False,False,False,0,0,522600,572700,False
standard,S5,88,30,fullscope,True,optimal,30,30,0,False,False,False,0,0,2594400,2678500,True
standard,S5,89,30,violated0,True,optimal,2,2,0,False,False,False,0,0,773400,843900,False
standard,S5,89,30,radius0,True,optimal,2,2,0,False,False,False,0,0,581900,651500,False
standard,S5,89,30,radius1,True,optimal,2,2,0,False,False,False,0,0,552200,619800,False
standard,S5,89,30,radius2,True,optimal,2,2,0,False,False,False,0,0,550700,614700,False
standard,S5,89,30,frontier,True,optimal,2,2,0,False,False,False,0,19400,523500,592500,False
standard,S5,89,30,explanation,True,optimal,2,2,0,False,False,False,0,15500,534800,600400,False
standard,S5,89,30,assumption,True,optimal,2,2,0,False,False,False,0,0,554600,604500,False
standard,S5,89,30,fullscope,True,optimal,30,30,0,False,False,False,0,0,4209700,4298800,True
stress,stress24,42,24,violated0,True,optimal,8,8,0,False,False,False,0,0,914700,1006800,False
stress,stress24,42,24,radius0,True,optimal,8,8,0,False,False,False,0,0,928400,1016200,False
stress,stress24,42,24,radius1,True,optimal,19,19,0,False,False,False,0,0,1171300,1280200,False
stress,stress24,42,24,radius2,True,optimal,24,24,0,False,False,False,0,0,2737300,2845400,True
stress,stress24,42,24,frontier,True,optimal,8,8,0,False,False,False,0,110500,720400,910400,False
stress,stress24,42,24,explanation,True,optimal,8,8,0,False,False,False,0,99400,723500,892600,False
stress,stress24,42,24,assumption,True,optimal,8,8,0,False,False,False,0,0,5187500,5259300,False
stress,stress24,42,24,fullscope,True,optimal,24,24,0,False,False,False,0,0,2622400,2704600,True
stress,stress24,43,24,violated0,True,optimal,6,6,0,False,False,False,0,0,611300,683300,False
stress,stress24,43,24,radius0,True,optimal,6,6,0,False,False,False,0,0,568200,652300,False
stress,stress24,43,24,radius1,True,optimal,14,14,0,False,False,False,0,0,911000,1006600,False
stress,stress24,43,24,radius2,True,optimal,21,21,0,False,False,False,0,0,1140200,1249300,False
stress,stress24,43,24,frontier,True,optimal,6,6,0,False,False,False,0,85000,624400,782900,False
stress,stress24,43,24,explanation,True,optimal,6,6,0,False,False,False,0,76400,561300,700900,False
stress,stress24,43,24,assumption,True,optimal,6,6,0,False,False,False,0,0,2935200,3003300,False
stress,stress24,43,24,fullscope,True,optimal,24,24,0,False,False,False,0,0,1773200,1853300,True
stress,stress24,44,24,violated0,True,optimal,9,9,0,False,False,False,0,0,683900,756200,False
stress,stress24,44,24,radius0,True,optimal,9,9,0,False,False,False,0,0,654600,730200,False
stress,stress24,44,24,radius1,True,optimal,18,18,0,False,False,False,0,0,1046200,1139900,False
stress,stress24,44,24,radius2,True,optimal,23,23,0,False,False,False,0,0,1233700,1334600,False
stress,stress24,44,24,frontier,True,optimal,9,9,0,False,False,False,0,112500,675200,853900,False
stress,stress24,44,24,explanation,True,optimal,9,9,0,False,False,False,0,106900,658600,830500,False
stress,stress24,44,24,assumption,True,optimal,9,9,0,False,False,False,0,0,3268400,3339900,False
stress,stress24,44,24,fullscope,True,optimal,24,24,0,False,False,False,0,0,1735700,1816100,True
stress,stress24,45,24,violated0,True,optimal,10,10,0,False,False,False,0,0,679700,752000,False
stress,stress24,45,24,radius0,True,optimal,10,10,0,False,False,False,0,0,673700,749400,False
stress,stress24,45,24,radius1,True,optimal,18,18,0,False,False,False,0,0,927700,1019500,False
stress,stress24,45,24,radius2,True,optimal,24,24,0,False,False,False,0,0,1440200,1539700,True
stress,stress24,45,24,frontier,True,optimal,10,10,0,False,False,False,0,99000,675300,849800,False
stress,stress24,45,24,explanation,True,optimal,10,10,0,False,False,False,0,91600,671600,839100,False
stress,stress24,45,24,assumption,True,optimal,10,10,0,False,False,False,0,0,2422200,2492700,False
stress,stress24,45,24,fullscope,True,optimal,24,24,0,False,False,False,0,0,1451400,1530600,True
stress,stress24,46,24,violated0,True,optimal,5,5,0,False,False,False,0,0,496800,562300,False
stress,stress24,46,24,radius0,True,optimal,5,5,0,False,False,False,0,0,483400,553400,False
stress,stress24,46,24,radius1,True,optimal,13,13,0,False,False,False,0,0,779900,867500,False
stress,stress24,46,24,radius2,True,optimal,20,20,0,False,False,False,0,0,984800,1084700,False
stress,stress24,46,24,frontier,True,optimal,5,5,0,False,False,False,0,70300,607900,743600,False
stress,stress24,46,24,explanation,True,optimal,5,5,0,False,False,False,0,64900,484200,610800,False
stress,stress24,46,24,assumption,True,optimal,5,5,0,False,False,False,0,0,2595200,2662800,False
stress,stress24,46,24,fullscope,True,optimal,24,24,0,False,False,False,0,0,1879300,1959000,True
stress,stress24,47,24,violated0,True,optimal,6,6,0,False,False,False,0,0,520900,589000,False
stress,stress24,47,24,radius0,True,optimal,6,6,0,False,False,False,0,0,480000,549200,False
stress,stress24,47,24,radius1,True,optimal,13,13,0,False,False,False,0,0,937500,1034400,False
stress,stress24,47,24,radius2,True,optimal,21,21,0,False,False,False,0,0,1090900,1195100,False
stress,stress24,47,24,frontier,True,optimal,6,6,0,False,False,False,0,103900,592800,763700,False
stress,stress24,47,24,explanation,True,optimal,6,6,0,False,False,False,0,79800,499900,642900,False
stress,stress24,47,24,assumption,True,optimal,6,6,0,False,False,False,0,0,2714700,2782100,False
stress,stress24,47,24,fullscope,True,optimal,24,24,0,False,False,False,0,0,2101100,2182700,True
stress,stress24,48,24,violated0,True,optimal,8,8,0,False,False,False,0,0,747300,821500,False
stress,stress24,48,24,radius0,True,optimal,8,8,0,False,False,False,0,0,768100,852500,False
stress,stress24,48,24,radius1,True,optimal,17,17,0,False,False,False,0,0,1914000,2013600,False
stress,stress24,48,24,radius2,True,optimal,21,21,0,False,False,False,0,0,2058300,2163700,False
stress,stress24,48,24,frontier,True,optimal,8,8,0,False,False,False,0,89700,748600,908100,False
stress,stress24,48,24,explanation,True,optimal,8,8,0,False,False,False,0,94200,787200,953400,False
stress,stress24,48,24,assumption,True,optimal,8,8,0,False,False,False,0,0,3541600,3613300,False
stress,stress24,48,24,fullscope,True,optimal,24,24,0,False,False,False,0,0,2207100,2289500,True
stress,stress24,49,24,violated0,True,optimal,7,7,0,False,False,False,0,0,560700,631300,False
stress,stress24,49,24,radius0,True,optimal,7,7,0,False,False,False,0,0,532100,606000,False
stress,stress24,49,24,radius1,True,optimal,13,13,0,False,False,False,0,0,793500,884500,False
stress,stress24,49,24,radius2,True,optimal,20,20,0,False,False,False,0,0,1264600,1368500,False
stress,stress24,49,24,frontier,True,optimal,7,7,0,False,False,False,0,85700,632900,789100,False
stress,stress24,49,24,explanation,True,optimal,7,7,0,False,False,False,0,82600,522800,672000,False
stress,stress24,49,24,assumption,True,optimal,7,7,0,False,False,False,0,0,3201500,3269300,False
stress,stress24,49,24,fullscope,True,optimal,24,24,0,False,False,False,0,0,1758700,1839800,True
stress,stress24,50,24,violated0,True,optimal,8,8,0,False,False,False,0,0,722800,796800,False
stress,stress24,50,24,radius0,True,optimal,8,8,0,False,False,False,0,0,699000,775200,False
stress,stress24,50,24,radius1,True,optimal,19,19,0,False,False,False,0,0,1011000,1105700,False
stress,stress24,50,24,radius2,True,optimal,24,24,0,False,False,False,0,0,3816000,3920400,True
stress,stress24,50,24,frontier,True,optimal,8,8,0,False,False,False,0,108300,736500,915300,False
stress,stress24,50,24,explanation,True,optimal,8,8,0,False,False,False,0,104200,690700,869600,False
stress,stress24,50,24,assumption,True,optimal,8,8,0,False,False,False,0,0,4590400,4665000,False
stress,stress24,50,24,fullscope,True,optimal,24,24,0,False,False,False,0,0,3884900,3967900,True
stress,stress24,51,24,violated0,True,optimal,7,7,0,False,False,False,0,0,584700,657400,False
stress,stress24,51,24,radius0,True,optimal,7,7,0,False,False,False,0,0,559100,633500,False
stress,stress24,51,24,radius1,True,optimal,15,15,0,False,False,False,0,0,922200,1029300,False
stress,stress24,51,24,radius2,True,optimal,24,24,0,False,False,False,0,0,1458000,1562500,True
stress,stress24,51,24,frontier,True,optimal,7,7,0,False,False,False,0,85400,578800,728900,False
stress,stress24,51,24,explanation,True,optimal,7,7,0,False,False,False,0,80800,567100,719400,False
stress,stress24,51,24,assumption,True,optimal,7,7,0,False,False,False,0,0,3266200,3337700,False
stress,stress24,51,24,fullscope,True,optimal,24,24,0,False,False,False,0,0,1623800,1709400,True
stress,stress24,52,24,violated0,True,optimal,6,6,0,False,False,False,0,0,535600,608500,False
stress,stress24,52,24,radius0,True,optimal,6,6,0,False,False,False,0,0,495200,566200,False
stress,stress24,52,24,radius1,True,optimal,11,11,0,False,False,False,0,0,806400,895200,False
stress,stress24,52,24,radius2,True,optimal,18,18,0,False,False,False,0,0,1009500,1110800,False
stress,stress24,52,24,frontier,True,optimal,6,6,0,False,False,False,0,74000,605700,744500,False
stress,stress24,52,24,explanation,True,optimal,6,6,0,False,False,False,0,69900,480900,611100,False
stress,stress24,52,24,assumption,True,optimal,6,6,0,False,False,False,0,0,2518800,2583700,False
stress,stress24,52,24,fullscope,True,optimal,24,24,0,False,False,False,0,0,4661700,4741100,True
stress,stress24,53,24,violated0,True,optimal,7,7,0,False,False,False,0,0,565100,635900,False
stress,stress24,53,24,radius0,True,optimal,7,7,0,False,False,False,0,0,536200,609700,False
stress,stress24,53,24,radius1,True,optimal,14,14,0,False,False,False,0,0,890600,982600,False
stress,stress24,53,24,radius2,True,optimal,19,19,0,False,False,False,0,0,1177900,1277600,False
stress,stress24,53,24,frontier,True,optimal,7,7,0,False,False,False,0,73800,686700,829500,False
stress,stress24,53,24,explanation,True,optimal,7,7,0,False,False,False,0,74800,542400,681400,False
stress,stress24,53,24,assumption,True,optimal,7,7,0,False,False,False,0,0,1080900,1150100,False
stress,stress24,53,24,fullscope,True,optimal,24,24,0,False,False,False,0,0,1662100,1743700,True
stress,stress24,54,24,violated0,True,optimal,8,8,0,False,False,False,0,0,635700,706900,False
stress,stress24,54,24,radius0,True,optimal,8,8,0,False,False,False,0,0,615300,689600,False
stress,stress24,54,24,radius1,True,optimal,17,17,0,False,False,False,0,0,974900,1066900,False
stress,stress24,54,24,radius2,True,optimal,22,22,0,False,False,False,0,0,1167600,1270000,False
stress,stress24,54,24,frontier,True,optimal,8,8,0,False,False,False,0,90500,660300,817800,False
stress,stress24,54,24,explanation,True,optimal,8,8,0,False,False,False,0,90300,603000,765200,False
stress,stress24,54,24,assumption,True,optimal,8,8,0,False,False,False,0,0,3005700,3075300,False
stress,stress24,54,24,fullscope,True,optimal,24,24,0,False,False,False,0,0,1295000,1373600,True
stress,stress24,55,24,violated0,True,optimal,8,8,0,False,False,False,0,0,599200,668400,False
stress,stress24,55,24,radius0,True,optimal,8,8,0,False,False,False,0,0,565600,644100,False
stress,stress24,55,24,radius1,True,optimal,13,13,0,False,False,False,0,0,767000,874500,False
stress,stress24,55,24,radius2,True,optimal,18,18,0,False,False,False,0,0,1089800,1194300,False
stress,stress24,55,24,frontier,True,optimal,8,8,0,False,False,False,0,103000,691100,863700,False
stress,stress24,55,24,explanation,True,optimal,8,8,0,False,False,False,0,123000,601900,797700,False
stress,stress24,55,24,assumption,True,optimal,8,8,0,False,False,False,0,0,2125900,2192300,False
stress,stress24,55,24,fullscope,True,optimal,24,24,0,False,False,False,0,0,2052500,2133500,True
stress,stress24,56,24,violated0,True,optimal,3,3,0,False,False,False,0,0,422200,488200,False
stress,stress24,56,24,radius0,True,optimal,3,3,0,False,False,False,0,0,379200,445800,False
stress,stress24,56,24,radius1,True,optimal,9,9,0,False,False,False,0,0,695800,776400,False
stress,stress24,56,24,radius2,True,optimal,16,16,0,False,False,False,0,0,881300,977900,False
stress,stress24,56,24,frontier,True,optimal,3,3,0,False,False,False,0,50900,403200,512600,False
stress,stress24,56,24,explanation,True,optimal,3,3,0,False,False,False,0,48900,370300,476100,False
stress,stress24,56,24,assumption,True,optimal,3,3,0,False,False,False,0,0,1700700,1762800,False
stress,stress24,56,24,fullscope,True,optimal,24,24,0,False,False,False,0,0,1639800,1718900,True
stress,stress24,57,24,violated0,True,optimal,9,9,0,False,False,False,0,0,764700,838600,False
stress,stress24,57,24,radius0,True,optimal,9,9,0,False,False,False,0,0,717600,793100,False
stress,stress24,57,24,radius1,True,optimal,15,15,0,False,False,False,0,0,1298100,1397800,False
stress,stress24,57,24,radius2,True,optimal,20,20,0,False,False,False,0,0,1491500,1601700,False
stress,stress24,57,24,frontier,True,optimal,9,9,0,False,False,False,0,110100,740500,916100,False
stress,stress24,57,24,explanation,True,optimal,9,9,0,False,False,False,0,105100,727200,897900,False
stress,stress24,57,24,assumption,True,optimal,9,9,0,False,False,False,0,0,3225200,3293100,False
stress,stress24,57,24,fullscope,True,optimal,24,24,0,False,False,False,0,0,4906400,4987600,True
stress,stress24,58,24,violated0,True,optimal,10,10,0,False,False,False,0,0,724500,799100,False
stress,stress24,58,24,radius0,True,optimal,10,10,0,False,False,False,0,0,732300,810800,False
stress,stress24,58,24,radius1,True,optimal,19,19,0,False,False,False,0,0,976100,1070400,False
stress,stress24,58,24,radius2,True,optimal,24,24,0,False,False,False,0,0,2143500,2248600,True
stress,stress24,58,24,frontier,True,optimal,10,10,0,False,False,False,0,112700,742100,924500,False
stress,stress24,58,24,explanation,True,optimal,10,10,0,False,False,False,0,110400,719800,899900,False
stress,stress24,58,24,assumption,True,optimal,10,10,0,False,False,False,0,0,3061900,3140400,False
stress,stress24,58,24,fullscope,True,optimal,24,24,0,False,False,False,0,0,2011200,2091600,True
stress,stress24,59,24,violated0,True,optimal,9,9,0,False,False,False,0,0,736000,810100,False
stress,stress24,59,24,radius0,True,optimal,9,9,0,False,False,False,0,0,694000,770600,False
stress,stress24,59,24,radius1,True,optimal,17,17,0,False,False,False,0,0,933600,1027500,False
stress,stress24,59,24,radius2,True,optimal,23,23,0,False,False,False,0,0,1390300,1492600,False
stress,stress24,59,24,frontier,True,optimal,9,9,0,False,False,False,0,104200,750100,922400,False
stress,stress24,59,24,explanation,True,optimal,9,9,0,False,False,False,0,103900,691000,863200,False
stress,stress24,59,24,assumption,True,optimal,9,9,0,False,False,False,0,0,3831000,3902900,False
stress,stress24,59,24,fullscope,True,optimal,24,24,0,False,False,False,0,0,2773400,2855500,True
stress,stress24,60,24,violated0,True,optimal,8,8,0,False,False,False,0,0,751600,827900,False
stress,stress24,60,24,radius0,True,optimal,8,8,0,False,False,False,0,0,691900,770500,False
stress,stress24,60,24,radius1,True,optimal,20,20,0,False,False,False,0,0,997400,1092500,False
stress,stress24,60,24,radius2,True,optimal,24,24,0,False,False,False,0,0,2564900,2670300,True
stress,stress24,60,24,frontier,True,optimal,8,8,0,False,False,False,0,98000,711100,879600,False
stress,stress24,60,24,explanation,True,optimal,8,8,0,False,False,False,0,94700,692200,856500,False
stress,stress24,60,24,assumption,True,optimal,8,8,0,False,False,False,0,0,4028800,4109100,False
stress,stress24,60,24,fullscope,True,optimal,24,24,0,False,False,False,0,0,2778800,2860100,True
stress,stress24,61,24,violated0,True,optimal,9,9,0,False,False,False,0,0,785300,862400,False
stress,stress24,61,24,radius0,True,optimal,9,9,0,False,False,False,0,0,745900,824300,False
stress,stress24,61,24,radius1,True,optimal,19,19,0,False,False,False,0,0,1500700,1596400,False
stress,stress24,61,24,radius2,True,optimal,23,23,0,False,False,False,0,0,2695100,2800300,False
stress,stress24,61,24,frontier,True,optimal,9,9,0,False,False,False,0,109400,783100,961400,False
stress,stress24,61,24,explanation,True,optimal,9,9,0,False,False,False,0,106900,760100,936600,False
stress,stress24,61,24,assumption,True,optimal,9,9,0,False,False,False,0,0,4280900,4353700,False
stress,stress24,61,24,fullscope,True,optimal,24,24,0,False,False,False,0,0,4707200,4792300,True
stress,stress24,62,24,violated0,True,optimal,9,9,0,False,False,False,0,0,693300,768900,False
stress,stress24,62,24,radius0,True,optimal,9,9,0,False,False,False,0,0,639300,721300,False
stress,stress24,62,24,radius1,True,optimal,16,16,0,False,False,False,0,0,927700,1022600,False
stress,stress24,62,24,radius2,True,optimal,22,22,0,False,False,False,0,0,1132900,1237900,False
stress,stress24,62,24,frontier,True,optimal,9,9,0,False,False,False,0,108000,679500,856900,False
stress,stress24,62,24,explanation,True,optimal,9,9,0,False,False,False,0,104200,649500,830400,False
stress,stress24,62,24,assumption,True,optimal,9,9,0,False,False,False,0,0,3188500,3265900,False
stress,stress24,62,24,fullscope,True,optimal,24,24,0,False,False,False,0,0,2297800,2378400,True
stress,stress24,63,24,violated0,True,optimal,7,7,0,False,False,False,0,0,577300,647000,False
stress,stress24,63,24,radius0,True,optimal,7,7,0,False,False,False,0,0,557900,630000,False
stress,stress24,63,24,radius1,True,optimal,13,13,0,False,False,False,0,0,806200,891300,False
stress,stress24,63,24,radius2,True,optimal,18,18,0,False,False,False,0,0,1345800,1449400,False
stress,stress24,63,24,frontier,True,optimal,7,7,0,False,False,False,0,83100,585500,735600,False
stress,stress24,63,24,explanation,True,optimal,7,7,0,False,False,False,0,78100,623600,770000,False
stress,stress24,63,24,assumption,True,optimal,7,7,0,False,False,False,0,0,3090200,3158600,False
stress,stress24,63,24,fullscope,True,optimal,24,24,0,False,False,False,0,0,3695100,3776400,True
stress,stress24,64,24,violated0,True,optimal,10,10,0,False,False,False,0,0,727300,800900,False
stress,stress24,64,24,radius0,True,optimal,10,10,0,False,False,False,0,0,708300,784100,False
stress,stress24,64,24,radius1,True,optimal,18,18,0,False,False,False,0,0,1077600,1173300,False
stress,stress24,64,24,radius2,True,optimal,24,24,0,False,False,False,0,0,3528700,3631700,True
stress,stress24,64,24,frontier,True,optimal,10,10,0,False,False,False,0,108500,864300,1050100,False
stress,stress24,64,24,explanation,True,optimal,10,10,0,False,False,False,0,110800,773700,957600,False
stress,stress24,64,24,assumption,True,optimal,10,10,0,False,False,False,0,0,3383400,3461900,False
stress,stress24,64,24,fullscope,True,optimal,24,24,0,False,False,False,0,0,3589300,3669600,True
stress,stress24,65,24,violated0,True,optimal,7,7,0,False,False,False,0,0,615000,685800,False
stress,stress24,65,24,radius0,True,optimal,7,7,0,False,False,False,0,0,534900,606400,False
stress,stress24,65,24,radius1,True,optimal,12,12,0,False,False,False,0,0,725600,807700,False
stress,stress24,65,24,radius2,True,optimal,17,17,0,False,False,False,0,0,905600,1009700,False
stress,stress24,65,24,frontier,True,optimal,7,7,0,False,False,False,0,92400,557300,709700,False
stress,stress24,65,24,explanation,True,optimal,7,7,0,False,False,False,0,83500,555400,700800,False
stress,stress24,65,24,assumption,True,optimal,7,7,0,False,False,False,0,0,3191600,3261200,False
stress,stress24,65,24,fullscope,True,optimal,24,24,0,False,False,False,0,0,1504800,1586900,True
stress,stress24,66,24,violated0,True,optimal,10,10,0,False,False,False,0,0,774000,850600,False
stress,stress24,66,24,radius0,True,optimal,10,10,0,False,False,False,0,0,729000,804400,False
stress,stress24,66,24,radius1,True,optimal,18,18,0,False,False,False,0,0,1004500,1094700,False
stress,stress24,66,24,radius2,True,optimal,22,22,0,False,False,False,0,0,1142000,1241800,False
stress,stress24,66,24,frontier,True,optimal,10,10,0,False,False,False,0,124700,723800,915900,False
stress,stress24,66,24,explanation,True,optimal,10,10,0,False,False,False,0,124300,725100,917100,False
stress,stress24,66,24,assumption,True,optimal,10,10,0,False,False,False,0,0,3168500,3238400,False
stress,stress24,66,24,fullscope,True,optimal,24,24,0,False,False,False,0,0,1825800,1905200,True
stress,stress24,67,24,violated0,True,optimal,8,8,0,False,False,False,0,0,642300,711100,False
stress,stress24,67,24,radius0,True,optimal,8,8,0,False,False,False,0,0,587700,657900,False
stress,stress24,67,24,radius1,True,optimal,12,12,0,False,False,False,0,0,818000,906900,False
stress,stress24,67,24,radius2,True,optimal,19,19,0,False,False,False,0,0,1049400,1154300,False
stress,stress24,67,24,frontier,True,optimal,8,8,0,False,False,False,0,119600,678400,865000,False
stress,stress24,67,24,explanation,True,optimal,8,8,0,False,False,False,0,97700,610600,771400,False
stress,stress24,67,24,assumption,True,optimal,8,8,0,False,False,False,0,0,1206000,1271100,False
stress,stress24,67,24,fullscope,True,optimal,24,24,0,False,False,False,0,0,2037900,2116700,True
stress,stress24,68,24,violated0,True,optimal,6,6,0,False,False,False,0,0,572400,642000,False
stress,stress24,68,24,radius0,True,optimal,6,6,0,False,False,False,0,0,533000,604600,False
stress,stress24,68,24,radius1,True,optimal,16,16,0,False,False,False,0,0,972900,1064900,False
stress,stress24,68,24,radius2,True,optimal,23,23,0,False,False,False,0,0,1144800,1243600,False
stress,stress24,68,24,frontier,True,optimal,6,6,0,False,False,False,0,76000,565400,705300,False
stress,stress24,68,24,explanation,True,optimal,6,6,0,False,False,False,0,72500,543800,678200,False
stress,stress24,68,24,assumption,True,optimal,6,6,0,False,False,False,0,0,3342500,3409200,False
stress,stress24,68,24,fullscope,True,optimal,24,24,0,False,False,False,0,0,1258400,1335500,True
stress,stress24,69,24,violated0,True,optimal,9,9,0,False,False,False,0,0,798800,880800,False
stress,stress24,69,24,radius0,True,optimal,9,9,0,False,False,False,0,0,959500,1049100,False
stress,stress24,69,24,radius1,True,optimal,21,21,0,False,False,False,0,0,1107000,1202300,False
stress,stress24,69,24,radius2,True,optimal,24,24,0,False,False,False,0,0,2262500,2368400,True
stress,stress24,69,24,frontier,True,optimal,9,9,0,False,False,False,0,116600,804200,996700,False
stress,stress24,69,24,explanation,True,optimal,9,9,0,False,False,False,0,114700,839700,1031100,False
stress,stress24,69,24,assumption,True,optimal,9,9,0,False,False,False,0,0,2392600,2473900,False
stress,stress24,69,24,fullscope,True,optimal,24,24,0,False,False,False,0,0,2151800,2232100,True
stress,stress24,70,24,violated0,True,optimal,7,7,0,False,False,False,0,0,650500,724100,False
stress,stress24,70,24,radius0,True,optimal,7,7,0,False,False,False,0,0,605000,680700,False
stress,stress24,70,24,radius1,True,optimal,16,16,0,False,False,False,0,0,922000,1025200,False
stress,stress24,70,24,radius2,True,optimal,22,22,0,False,False,False,0,0,1806500,1909400,False
stress,stress24,70,24,frontier,True,optimal,7,7,0,False,False,False,0,89800,677800,834100,False
stress,stress24,70,24,explanation,True,optimal,7,7,0,False,False,False,0,77300,617500,761200,False
stress,stress24,70,24,assumption,True,optimal,7,7,0,False,False,False,0,0,3404500,3477400,False
stress,stress24,70,24,fullscope,True,optimal,24,24,0,False,False,False,0,0,1871000,1951800,True
stress,stress24,71,24,violated0,True,optimal,10,10,0,False,False,False,0,0,731600,806200,False
stress,stress24,71,24,radius0,True,optimal,10,10,0,False,False,False,0,0,689100,765000,False
stress,stress24,71,24,radius1,True,optimal,17,17,0,False,False,False,0,0,974600,1075500,False
stress,stress24,71,24,radius2,True,optimal,23,23,0,False,False,False,0,0,1173900,1276700,False
stress,stress24,71,24,frontier,True,optimal,10,10,0,False,False,False,0,113500,721700,903000,False
stress,stress24,71,24,explanation,True,optimal,10,10,0,False,False,False,0,110000,694800,871400,False
stress,stress24,71,24,assumption,True,optimal,10,10,0,False,False,False,0,0,1568300,1638600,False
stress,stress24,71,24,fullscope,True,optimal,24,24,0,False,False,False,0,0,1229900,1309200,True
stress,stress24,72,24,violated0,True,optimal,8,8,0,False,False,False,0,0,582600,652400,False
stress,stress24,72,24,radius0,True,optimal,8,8,0,False,False,False,0,0,544300,615600,False
stress,stress24,72,24,radius1,True,optimal,15,15,0,False,False,False,0,0,1040900,1136000,False
stress,stress24,72,24,radius2,True,optimal,21,21,0,False,False,False,0,0,1252500,1373900,False
stress,stress24,72,24,frontier,True,optimal,8,8,0,False,False,False,0,91600,618500,783700,False
stress,stress24,72,24,explanation,True,optimal,8,8,0,False,False,False,0,96700,571100,731500,False
stress,stress24,72,24,assumption,True,optimal,8,8,0,False,False,False,0,0,3399500,3467100,False
stress,stress24,72,24,fullscope,True,optimal,24,24,0,False,False,False,0,0,3782200,3865300,True
stress,stress24,73,24,violated0,True,optimal,11,11,0,False,False,False,0,0,797100,878600,False
stress,stress24,73,24,radius0,True,optimal,11,11,0,False,False,False,0,0,769200,846200,False
stress,stress24,73,24,radius1,True,optimal,18,18,0,False,False,False,0,0,1044100,1137500,False
stress,stress24,73,24,radius2,True,optimal,23,23,0,False,False,False,0,0,1939000,2043500,False
stress,stress24,73,24,frontier,True,optimal,11,11,0,False,False,False,0,160300,816800,1047100,False
stress,stress24,73,24,explanation,True,optimal,11,11,0,False,False,False,0,185800,845100,1102100,False
stress,stress24,73,24,assumption,True,optimal,11,11,0,False,False,False,0,0,4551500,4623400,False
stress,stress24,73,24,fullscope,True,optimal,24,24,0,False,False,False,0,0,4449600,4529900,True
stress,stress24,74,24,violated0,True,optimal,7,7,0,False,False,False,0,0,570100,640300,False
stress,stress24,74,24,radius0,True,optimal,7,7,0,False,False,False,0,0,542400,615200,False
stress,stress24,74,24,radius1,True,optimal,15,15,0,False,False,False,0,0,919400,1009400,False
stress,stress24,74,24,radius2,True,optimal,20,20,0,False,False,False,0,0,1111400,1211300,False
stress,stress24,74,24,frontier,True,optimal,7,7,0,False,False,False,0,75200,552600,691500,False
stress,stress24,74,24,explanation,True,optimal,7,7,0,False,False,False,0,72100,530300,664400,False
stress,stress24,74,24,assumption,True,optimal,7,7,0,False,False,False,0,0,2532900,2602400,False
stress,stress24,74,24,fullscope,True,optimal,24,24,0,False,False,False,0,0,1599900,1681000,True
stress,stress24,75,24,violated0,True,optimal,8,8,0,False,False,False,0,0,710700,784000,False
stress,stress24,75,24,radius0,True,optimal,8,8,0,False,False,False,0,0,691200,766800,False
stress,stress24,75,24,radius1,True,optimal,15,15,0,False,False,False,0,0,985600,1078900,False
stress,stress24,75,24,radius2,True,optimal,22,22,0,False,False,False,0,0,1956100,2072700,False
stress,stress24,75,24,frontier,True,optimal,8,8,0,False,False,False,0,83600,715300,866400,False
stress,stress24,75,24,explanation,True,optimal,8,8,0,False,False,False,0,87900,711000,865800,False
stress,stress24,75,24,assumption,True,optimal,8,8,0,False,False,False,0,0,3164300,3233100,False
stress,stress24,75,24,fullscope,True,optimal,24,24,0,False,False,False,0,0,2193800,2273900,True
stress,stress24,76,24,violated0,True,optimal,10,10,0,False,False,False,0,0,752400,834200,False
stress,stress24,76,24,radius0,True,optimal,10,10,0,False,False,False,0,0,802600,883500,False
stress,stress24,76,24,radius1,True,optimal,18,18,0,False,False,False,0,0,990700,1097400,False
stress,stress24,76,24,radius2,True,optimal,21,21,0,False,False,False,0,0,1459300,1563100,False
stress,stress24,76,24,frontier,True,optimal,10,10,0,False,False,False,0,116600,764500,950800,False
stress,stress24,76,24,explanation,True,optimal,10,10,0,False,False,False,0,113600,719400,901800,False
stress,stress24,76,24,assumption,True,optimal,10,10,0,False,False,False,0,0,3483700,3554300,False
stress,stress24,76,24,fullscope,True,optimal,24,24,0,False,False,False,0,0,1553600,1634900,True
stress,stress24,77,24,violated0,True,optimal,8,8,0,False,False,False,0,0,729700,804700,False
stress,stress24,77,24,radius0,True,optimal,8,8,0,False,False,False,0,0,692500,770000,False
stress,stress24,77,24,radius1,True,optimal,19,19,0,False,False,False,0,0,962400,1070500,False
stress,stress24,77,24,radius2,True,optimal,24,24,0,False,False,False,0,0,1219600,1319800,True
stress,stress24,77,24,frontier,True,optimal,8,8,0,False,False,False,0,106100,687100,861700,False
stress,stress24,77,24,explanation,True,optimal,8,8,0,False,False,False,0,101000,682000,850400,False
stress,stress24,77,24,assumption,True,optimal,8,8,0,False,False,False,0,0,2491000,2563900,False
stress,stress24,77,24,fullscope,True,optimal,24,24,0,False,False,False,0,0,1251200,1330600,True
stress,stress24,78,24,violated0,True,optimal,7,7,0,False,False,False,0,0,598500,671300,False
stress,stress24,78,24,radius0,True,optimal,7,7,0,False,False,False,0,0,574400,654200,False
stress,stress24,78,24,radius1,True,optimal,14,14,0,False,False,False,0,0,971900,1068200,False
stress,stress24,78,24,radius2,True,optimal,23,23,0,False,False,False,0,0,2033800,2137800,False
stress,stress24,78,24,frontier,True,optimal,7,7,0,False,False,False,0,87300,599300,755300,False
stress,stress24,78,24,explanation,True,optimal,7,7,0,False,False,False,0,85300,566400,715400,False
stress,stress24,78,24,assumption,True,optimal,7,7,0,False,False,False,0,0,2427300,2495300,False
stress,stress24,78,24,fullscope,True,optimal,24,24,0,False,False,False,0,0,3849300,3932100,True
stress,stress24,79,24,violated0,True,optimal,7,7,0,False,False,False,0,0,623500,694800,False
stress,stress24,79,24,radius0,True,optimal,7,7,0,False,False,False,0,0,611700,689500,False
stress,stress24,79,24,radius1,True,optimal,16,16,0,False,False,False,0,0,941600,1038100,False
stress,stress24,79,24,radius2,True,optimal,22,22,0,False,False,False,0,0,1150200,1256100,False
stress,stress24,79,24,frontier,True,optimal,7,7,0,False,False,False,0,87800,612000,765800,False
stress,stress24,79,24,explanation,True,optimal,7,7,0,False,False,False,0,83800,581900,730900,False
stress,stress24,79,24,assumption,True,optimal,7,7,0,False,False,False,0,0,2029500,2099500,False
stress,stress24,79,24,fullscope,True,optimal,24,24,0,False,False,False,0,0,1491700,1583300,True
stress,stress24,80,24,violated0,True,optimal,11,11,0,False,False,False,0,0,747400,823500,False
stress,stress24,80,24,radius0,True,optimal,11,11,0,False,False,False,0,0,741300,818400,False
stress,stress24,80,24,radius1,True,optimal,17,17,0,False,False,False,0,0,951400,1041800,False
stress,stress24,80,24,radius2,True,optimal,20,20,0,False,False,False,0,0,1496300,1599300,False
stress,stress24,80,24,frontier,True,optimal,11,11,0,False,False,False,0,110000,747700,929400,False
stress,stress24,80,24,explanation,True,optimal,11,11,0,False,False,False,0,107600,711400,886900,False
stress,stress24,80,24,assumption,True,optimal,11,11,0,False,False,False,0,0,3362000,3434100,False
stress,stress24,80,24,fullscope,True,optimal,24,24,0,False,False,False,0,0,2456200,2538900,True
stress,stress24,81,24,violated0,True,optimal,5,5,0,False,False,False,0,0,415600,480400,False
stress,stress24,81,24,radius0,True,optimal,5,5,0,False,False,False,0,0,369300,434200,False
stress,stress24,81,24,radius1,True,optimal,9,9,0,False,False,False,0,0,635600,715000,False
stress,stress24,81,24,radius2,True,optimal,16,16,0,False,False,False,0,0,979500,1079100,False
stress,stress24,81,24,frontier,True,optimal,5,5,0,False,False,False,0,56200,457100,575600,False
stress,stress24,81,24,explanation,True,optimal,5,5,0,False,False,False,0,56100,387900,502100,False
stress,stress24,81,24,assumption,True,optimal,5,5,0,False,False,False,0,0,2004100,2066000,False
stress,stress24,81,24,fullscope,True,optimal,24,24,0,False,False,False,0,0,2365900,2450500,True
stress,stress24,82,24,violated0,True,optimal,8,8,0,False,False,False,0,0,590300,661400,False
stress,stress24,82,24,radius0,True,optimal,8,8,0,False,False,False,0,0,552900,631300,False
stress,stress24,82,24,radius1,True,optimal,14,14,0,False,False,False,0,0,858500,955300,False
stress,stress24,82,24,radius2,True,optimal,20,20,0,False,False,False,0,0,1064500,1164300,False
stress,stress24,82,24,frontier,True,optimal,8,8,0,False,False,False,0,92400,583500,739200,False
stress,stress24,82,24,explanation,True,optimal,8,8,0,False,False,False,0,113400,663500,847800,False
stress,stress24,82,24,assumption,True,optimal,8,8,0,False,False,False,0,0,3131900,3200900,False
stress,stress24,82,24,fullscope,True,optimal,24,24,0,False,False,False,0,0,2242900,2323800,True
stress,stress24,83,24,violated0,True,optimal,9,9,0,False,False,False,0,0,658700,730400,False
stress,stress24,83,24,radius0,True,optimal,9,9,0,False,False,False,0,0,617400,690700,False
stress,stress24,83,24,radius1,True,optimal,17,17,0,False,False,False,0,0,877200,975200,False
stress,stress24,83,24,radius2,True,optimal,22,22,0,False,False,False,0,0,3784700,3886100,False
stress,stress24,83,24,frontier,True,optimal,9,9,0,False,False,False,0,105600,661700,833600,False
stress,stress24,83,24,explanation,True,optimal,9,9,0,False,False,False,0,103700,646000,814800,False
stress,stress24,83,24,assumption,True,optimal,9,9,0,False,False,False,0,0,3645500,3716600,False
stress,stress24,83,24,fullscope,True,optimal,24,24,0,False,False,False,0,0,4266200,4347800,True
stress,stress24,84,24,violated0,True,optimal,8,8,0,False,False,False,0,0,700300,772500,False
stress,stress24,84,24,radius0,True,optimal,8,8,0,False,False,False,0,0,682300,757300,False
stress,stress24,84,24,radius1,True,optimal,15,15,0,False,False,False,0,0,964800,1058100,False
stress,stress24,84,24,radius2,True,optimal,21,21,0,False,False,False,0,0,1855600,1957000,False
stress,stress24,84,24,frontier,True,optimal,8,8,0,False,False,False,0,89300,701400,856900,False
stress,stress24,84,24,explanation,True,optimal,8,8,0,False,False,False,0,89800,671600,827000,False
stress,stress24,84,24,assumption,True,optimal,8,8,0,False,False,False,0,0,2906000,2973900,False
stress,stress24,84,24,fullscope,True,optimal,24,24,0,False,False,False,0,0,2741600,2826600,True
stress,stress24,85,24,violated0,True,optimal,9,9,0,False,False,False,0,0,702600,775800,False
stress,stress24,85,24,radius0,True,optimal,9,9,0,False,False,False,0,0,648800,724000,False
stress,stress24,85,24,radius1,True,optimal,17,17,0,False,False,False,0,0,1114800,1207600,False
stress,stress24,85,24,radius2,True,optimal,22,22,0,False,False,False,0,0,1291400,1391800,False
stress,stress24,85,24,frontier,True,optimal,9,9,0,False,False,False,0,106200,679700,851900,False
stress,stress24,85,24,explanation,True,optimal,9,9,0,False,False,False,0,104700,651200,820700,False
stress,stress24,85,24,assumption,True,optimal,9,9,0,False,False,False,0,0,2953800,3023200,False
stress,stress24,85,24,fullscope,True,optimal,24,24,0,False,False,False,0,0,1442000,1520200,True
stress,stress24,86,24,violated0,True,optimal,10,10,0,False,False,False,0,0,688400,761200,False
stress,stress24,86,24,radius0,True,optimal,10,10,0,False,False,False,0,0,672000,748600,False
stress,stress24,86,24,radius1,True,optimal,19,19,0,False,False,False,0,0,960800,1052200,False
stress,stress24,86,24,radius2,True,optimal,24,24,0,False,False,False,0,0,1545500,1648100,True
stress,stress24,86,24,frontier,True,optimal,10,10,0,False,False,False,0,101200,827800,1007100,False
stress,stress24,86,24,explanation,True,optimal,10,10,0,False,False,False,0,102000,788300,973200,False
stress,stress24,86,24,assumption,True,optimal,10,10,0,False,False,False,0,0,4449400,4522000,False
stress,stress24,86,24,fullscope,True,optimal,24,24,0,False,False,False,0,0,1544700,1624600,True
stress,stress24,87,24,violated0,True,optimal,8,8,0,False,False,False,0,0,609700,679900,False
stress,stress24,87,24,radius0,True,optimal,8,8,0,False,False,False,0,0,591200,665100,False
stress,stress24,87,24,radius1,True,optimal,15,15,0,False,False,False,0,0,832900,922900,False
stress,stress24,87,24,radius2,True,optimal,22,22,0,False,False,False,0,0,1740100,1842600,False
stress,stress24,87,24,frontier,True,optimal,8,8,0,False,False,False,0,96700,613100,774600,False
stress,stress24,87,24,explanation,True,optimal,8,8,0,False,False,False,0,91600,592400,748500,False
stress,stress24,87,24,assumption,True,optimal,8,8,0,False,False,False,0,0,4563400,4657600,False
stress,stress24,87,24,fullscope,True,optimal,24,24,0,False,False,False,0,0,2459700,2542700,True
stress,stress24,88,24,violated0,True,optimal,7,7,0,False,False,False,0,0,625600,696600,False
stress,stress24,88,24,radius0,True,optimal,7,7,0,False,False,False,0,0,612900,688100,False
stress,stress24,88,24,radius1,True,optimal,13,13,0,False,False,False,0,0,862600,955400,False
stress,stress24,88,24,radius2,True,optimal,20,20,0,False,False,False,0,0,1073700,1178000,False
stress,stress24,88,24,frontier,True,optimal,7,7,0,False,False,False,0,81700,612400,758600,False
stress,stress24,88,24,explanation,True,optimal,7,7,0,False,False,False,0,86600,629800,787800,False
stress,stress24,88,24,assumption,True,optimal,7,7,0,False,False,False,0,0,2544700,2611600,False
stress,stress24,88,24,fullscope,True,optimal,24,24,0,False,False,False,0,0,1281200,1360400,True
stress,stress24,89,24,violated0,True,optimal,7,7,0,False,False,False,0,0,550800,619700,False
stress,stress24,89,24,radius0,True,optimal,7,7,0,False,False,False,0,0,503100,574000,False
stress,stress24,89,24,radius1,True,optimal,14,14,0,False,False,False,0,0,803200,899500,False
stress,stress24,89,24,radius2,True,optimal,20,20,0,False,False,False,0,0,1459200,1565500,False
stress,stress24,89,24,frontier,True,optimal,7,7,0,False,False,False,0,81500,547100,694600,False
stress,stress24,89,24,explanation,True,optimal,7,7,0,False,False,False,0,78900,525400,666500,False
stress,stress24,89,24,assumption,True,optimal,7,7,0,False,False,False,0,0,3118600,3185000,False
stress,stress24,89,24,fullscope,True,optimal,24,24,0,False,False,False,0,0,1608500,1688000,True
stress,stress24,90,24,violated0,True,optimal,7,7,0,False,False,False,0,0,597200,668200,False
stress,stress24,90,24,radius0,True,optimal,7,7,0,False,False,False,0,0,570300,642000,False
stress,stress24,90,24,radius1,True,optimal,16,16,0,False,False,False,0,0,1067000,1156800,False
stress,stress24,90,24,radius2,True,optimal,19,19,0,False,False,False,0,0,1237500,1337900,False
stress,stress24,90,24,frontier,True,optimal,7,7,0,False,False,False,0,90500,589500,745000,False
stress,stress24,90,24,explanation,True,optimal,7,7,0,False,False,False,0,92800,573400,728600,False
stress,stress24,90,24,assumption,True,optimal,7,7,0,False,False,False,0,0,3540400,3608600,False
stress,stress24,90,24,fullscope,True,optimal,24,24,0,False,False,False,0,0,1570100,1654200,True
stress,stress24,91,24,violated0,True,optimal,6,6,0,False,False,False,0,0,559500,630600,False
stress,stress24,91,24,radius0,True,optimal,6,6,0,False,False,False,0,0,514600,584800,False
stress,stress24,91,24,radius1,True,optimal,13,13,0,False,False,False,0,0,906800,999600,False
stress,stress24,91,24,radius2,True,optimal,20,20,0,False,False,False,0,0,1333700,1436800,False
stress,stress24,91,24,frontier,True,optimal,6,6,0,False,False,False,0,80700,544300,687500,False
stress,stress24,91,24,explanation,True,optimal,6,6,0,False,False,False,0,76400,503000,639300,False
stress,stress24,91,24,assumption,True,optimal,6,6,0,False,False,False,0,0,2356500,2421100,False
stress,stress24,91,24,fullscope,True,optimal,24,24,0,False,False,False,0,0,2793400,2872700,True
